Symbol,Tradable,DollarVolume,Price,Score,Rank,AsOf
A,Y,2.72665e+08,156.47,0.558917,306,2026-09-21
AA,Y,2.33939e+08,44.43,1.17601,176,2026-09-21
AAL,Y,9.85829e+08,12.96,0.245985,367,2026-09-21
AAON,Y,9.43349e+07,76.76,-0.867541,519,2026-09-21
AAP,Y,8.04358e+07,42.55,-0.769177,507,2026-09-21
AAPL,Y,1.4108e+10,336.13,1.19142,168,2026-09-21
ABT,Y,9.4196e+08,102.61,-2.22,684,2026-09-21
ACAD,Y,3.95627e+07,27.29,-0.339881,448,2026-09-21
ACGL,Y,1.84211e+08,96.89,-0.454769,468,2026-09-21
ACHC,Y,6.0917e+07,28.33,0.0476688,403,2026-09-21
ACIW,Y,4.88674e+07,50.27,-1.1335,557,2026-09-21
ACM,Y,1.04491e+08,61.99,-2.31469,696,2026-09-21
ACN,Y,1.00046e+09,181.29,-2.87863,727,2026-09-21
ADBE,Y,1.23502e+09,248.92,-2.94244,731,2026-09-21
ADC,Y,8.97884e+07,68.05,-1.47867,598,2026-09-21
ADEA,Y,2.64778e+07,24.805,2.43584,18,2026-09-21
ADI,Y,1.31598e+09,375.72,2.2411,30,2026-09-21
ADM,Y,2.90963e+08,85.18,1.06185,201,2026-09-21
ADP,Y,5.74689e+08,271.22,-0.602168,483,2026-09-21
ADSK,Y,4.5212e+08,216.95,-2.80832,723,2026-09-21
AEE,Y,1.60975e+08,102.23,-0.43974,466,2026-09-21
AEHL,N,580784,8.41,,,2026-09-21
AEHR,Y,2.00402e+08,93.49,2.56567,13,2026-09-21
AEM,Y,4.14129e+08,199.49,-0.372709,454,2026-09-21
AEO,Y,7.63105e+07,15.06,-1.55969,612,2026-09-21
AEP,Y,4.70128e+08,120,0.401195,336,2026-09-21
AER,Y,1.5458e+08,141.64,0.747595,264,2026-09-21
AES,Y,1.07539e+08,14.83,0.0796617,395,2026-09-21
AFL,Y,2.28509e+08,116.33,-0.383699,455,2026-09-21
AG,Y,1.74995e+08,19.84,0.300494,358,2026-09-21
AGI,Y,1.22553e+08,35.72,-0.755616,503,2026-09-21
AIG,Y,2.60383e+08,75.33,-1.38378,589,2026-09-21
AJG,Y,3.50302e+08,239.48,-1.95573,668,2026-09-21
AKAM,Y,3.60962e+08,104.52,1.19428,167,2026-09-21
AKR,Y,2.87379e+07,19.28,-0.74177,499,2026-09-21
ALB,Y,2.74547e+08,110.91,1.29112,152,2026-09-21
ALK,Y,1.146e+08,40.54,-1.12064,554,2026-09-21
ALKS,Y,7.80051e+07,43.39,1.57677,96,2026-09-21
ALL,Y,3.76394e+08,249.83,0.391164,339,2026-09-21
ALNY,Y,3.79462e+08,239.56,-1.75838,646,2026-09-21
AMAT,Y,3.71008e+09,444.57,2.3618,21,2026-09-21
AMD,Y,1.22549e+10,559.82,2.44732,17,2026-09-21
AME,Y,2.75905e+08,237.64,1.13874,185,2026-09-21
AMGN,Y,9.56195e+08,385.65,0.67962,278,2026-09-21
AMKR,Y,2.53103e+08,50.3,1.82544,71,2026-09-21
AMX,Y,4.59494e+07,22.43,0.296324,359,2026-09-21
AMZN,Y,8.86067e+09,253.71,0.084056,394,2026-09-21
ANF,Y,1.18032e+08,135.76,-0.128593,424,2026-09-21
AON,Y,4.43582e+08,295.64,-1.92724,663,2026-09-21
AOS,Y,9.04516e+07,56.95,-2.33685,700,2026-09-21
APA,Y,2.02583e+08,44.87,1.18028,175,2026-09-21
APD,Y,3.0759e+08,284.18,0.0184145,410,2026-09-21
APH,Y,9.54417e+08,77.55,1.20003,165,2026-09-21
APPS,Y,2.98854e+07,10.66,0.661328,283,2026-09-21
ARCC,Y,8.03072e+07,19.4,0.0932924,392,2026-09-21
ARE,Y,8.64118e+07,53.3,-2.32236,698,2026-09-21
AROC,Y,5.91935e+07,31.56,1.28177,155,2026-09-21
ARR,Y,5.78074e+07,14.68,1.01079,212,2026-09-21
ARWR,Y,1.32405e+08,66.48,2.60342,12,2026-09-21
ASB,Y,5.39912e+07,29.66,0.654675,286,2026-09-21
ASML,Y,2.43401e+09,1679.92,2.65678,10,2026-09-21
ASX,Y,2.951e+08,41.63,2.36731,20,2026-09-21
ATEC,Y,1.74873e+07,10.18,-3.10249,737,2026-09-21
ATI,Y,2.88442e+08,191.63,2.37563,19,2026-09-21
ATO,Y,1.76674e+08,160.3,-1.53517,608,2026-09-21
AU,Y,2.12938e+08,103.29,0.77784,257,2026-09-21
AUB,Y,3.90784e+07,39.03,0.66349,282,2026-09-21
AVAV,Y,2.14535e+08,159.95,-2.25274,687,2026-09-21
AVT,Y,9.80992e+07,96.12,2.06122,49,2026-09-21
AWK,Y,2.76097e+08,135.9,-0.318675,447,2026-09-21
AXGN,Y,4.79245e+07,44.23,2.31231,24,2026-09-21
AXON,Y,4.58688e+08,447.76,-2.33095,699,2026-09-21
AXP,Y,8.74338e+08,311.56,-0.956589,532,2026-09-21
AXTI,Y,5.42352e+08,70.03,2.19029,33,2026-09-21
AZN,Y,4.96044e+08,166.08,-0.586694,479,2026-09-21
B,Y,3.50254e+08,43.33,0.654023,287,2026-09-21
BA,Y,1.0475e+09,198.2,-0.604871,484,2026-09-21
BAC,Y,1.8013e+09,57.73,0.367052,341,2026-09-21
BALL,Y,1.11526e+08,60.15,0.524856,313,2026-09-21
BANC,Y,4.79717e+07,18.32,0.456548,328,2026-09-21
BAX,Y,1.38228e+08,22.8,-0.738815,497,2026-09-21
BBVA,Y,3.23179e+07,28.36,1.32807,148,2026-09-21
BBWI,Y,1.04794e+08,17.4,-1.04002,546,2026-09-21
BBY,Y,2.91948e+08,92.85,0.628784,294,2026-09-21
BCE,Y,7.62502e+07,22.06,-0.856223,518,2026-09-21
BCS,Y,1.06088e+08,24.87,1.16033,179,2026-09-21
BDX,Y,2.99836e+08,180.94,0.234104,368,2026-09-21
BEN,Y,1.19919e+08,33.01,1.72521,81,2026-09-21
BF-B,Y,6.20604e+07,25.94,-0.419237,462,2026-09-21
BG,Y,1.74884e+08,115.58,1.18585,169,2026-09-21
BGC,Y,3.00642e+07,12.22,1.05421,203,2026-09-21
BHP,Y,1.95128e+08,86.27,1.92164,61,2026-09-21
BIDU,Y,2.23467e+08,89.93,-1.84608,656,2026-09-21
BIIB,Y,1.84893e+08,215.5,1.48253,117,2026-09-21
BKD,Y,6.18462e+07,11.45,1.4829,116,2026-09-21
BKNG,Y,1.08803e+09,167.9,-1.55218,611,2026-09-21
BKR,Y,4.45793e+08,57.25,0.768375,258,2026-09-21
BLDR,Y,1.46141e+08,58.12,-1.78141,648,2026-09-21
BLFS,Y,2.44476e+07,36.69,0.921282,223,2026-09-21
BMRN,Y,1.05292e+08,63.94,0.00140841,412,2026-09-21
BMY,Y,6.14028e+08,63.06,0.905939,228,2026-09-21
BN,Y,1.57508e+08,37.51,-1.5294,605,2026-09-21
BNS,Y,1.80606e+08,94.07,1.51746,107,2026-09-21
BNY,Y,4.35792e+08,153.79,1.32369,150,2026-09-21
BP,Y,3.65298e+08,44.58,0.754137,261,2026-09-21
BR,Y,1.80575e+08,163.13,-2.93788,730,2026-09-21
BRK-B,Y,2.06772e+09,509.77,-0.254526,442,2026-09-21
BRKR,Y,1.12381e+08,61.39,1.9295,59,2026-09-21
BRO,Y,1.4581e+08,65.02,-2.58947,714,2026-09-21
BRSL,Y,1.74373e+07,10.18,-2.14943,680,2026-09-21
BSX,Y,8.94007e+08,43.34,-2.65322,717,2026-09-21
BTI,Y,2.33891e+08,55.83,-0.395752,458,2026-09-21
BVN,Y,2.8729e+07,34.33,1.13981,184,2026-09-21
BWA,Y,1.23505e+08,63.32,1.92376,60,2026-09-21
BX,Y,5.19479e+08,124.96,-1.89453,662,2026-09-21
BXMT,Y,2.81066e+07,13.27,-1.57495,615,2026-09-21
BXP,Y,8.77371e+07,63.17,-0.669097,491,2026-09-21
C,Y,1.37895e+09,131.77,1.75848,76,2026-09-21
CAG,Y,1.8504e+08,15.13,-2.0803,674,2026-09-21
CAH,Y,4.19532e+08,225.38,1.65554,87,2026-09-21
CAKE,Y,1.49256e+08,96.51,0.711037,271,2026-09-21
CALY,Y,2.97156e+07,14.69,2.21331,31,2026-09-21
CAT,Y,2.2771e+09,808.99,2.27797,29,2026-09-21
CB,Y,5.73541e+08,340.64,0.722957,269,2026-09-21
CBRE,Y,2.22123e+08,139.5,-1.87566,660,2026-09-21
CBSH,Y,5.92237e+07,57.09,0.156416,383,2026-09-21
CBZ,Y,4.11894e+07,54.63,-0.592574,482,2026-09-21
CCEP,Y,1.83231e+08,99.77,0.0595514,400,2026-09-21
CCJ,Y,2.73704e+08,91.62,-0.0559806,420,2026-09-21
CCL,Y,4.63867e+08,21.84,-1.48062,599,2026-09-21
CDE,Y,5.79054e+08,19.76,-0.609713,485,2026-09-21
CDNS,Y,6.98753e+08,282.9,-1.03537,545,2026-09-21
CE,Y,7.22578e+07,45.41,-0.509052,470,2026-09-21
CELH,Y,2.44887e+08,28.02,-2.02649,669,2026-09-21
CENX,Y,7.82334e+07,39.01,1.40697,132,2026-09-21
CF,Y,2.88419e+08,127.7,0.612075,299,2026-09-21
CGAU,Y,2.70775e+07,23.02,1.34651,145,2026-09-21
CGNX,Y,1.12802e+08,61.56,1.70428,83,2026-09-21
CHD,Y,1.77598e+08,94.75,0.0250417,408,2026-09-21
CHDN,Y,7.96165e+07,81.91,-1.83209,652,2026-09-21
CHKP,Y,1.49786e+08,132.71,-2.78289,722,2026-09-21
CHRW,Y,2.30985e+08,152.99,0.128796,387,2026-09-21
CI,Y,4.01762e+08,275.28,-0.533037,473,2026-09-21
CIEN,Y,7.94556e+08,348.8,1.99691,53,2026-09-21
CL,Y,3.88702e+08,87.47,0.173209,378,2026-09-21
CLDX,Y,3.32699e+07,38.24,0.724522,268,2026-09-21
CLF,Y,1.72122e+08,12.5,-0.592332,481,2026-09-21
CLMT,Y,5.17035e+07,59,1.56529,98,2026-09-21
CLS,Y,6.84184e+08,332.63,0.490408,322,2026-09-21
CLX,Y,2.22759e+08,83.1,-1.84507,655,2026-09-21
CM,Y,1.22359e+08,114.87,1.48421,115,2026-09-21
CMC,Y,7.4563e+07,64.5,0.154773,384,2026-09-21
CMCSA,Y,6.55253e+08,22.74,-2.49955,708,2026-09-21
CME,Y,5.59985e+08,276.01,-0.889219,523,2026-09-21
CMG,Y,5.51965e+08,33.43,-1.63929,621,2026-09-21
CMI,Y,5.80309e+08,532.23,1.55582,99,2026-09-21
CMS,Y,2.54557e+08,65.34,-1.53422,607,2026-09-21
CNC,Y,2.81742e+08,65.11,1.93925,56,2026-09-21
CNI,Y,1.68561e+08,118.95,0.850566,238,2026-09-21
CNK,Y,7.35645e+07,34.99,1.10807,191,2026-09-21
CNP,Y,2.60072e+08,38.22,-0.714381,495,2026-09-21
CNQ,Y,3.23791e+08,49.64,1.11323,190,2026-09-21
CNX,Y,5.30725e+07,32.89,-0.958136,533,2026-09-21
COF,Y,7.79317e+08,202.43,-1.23811,564,2026-09-21
COHR,Y,1.60412e+09,317.36,2.7461,9,2026-09-21
COHU,Y,5.38085e+07,57.75,2.8408,6,2026-09-21
COLB,Y,8.34046e+07,29.93,0.834521,240,2026-09-21
COO,Y,1.4597e+08,55.29,-0.541715,474,2026-09-21
COP,Y,7.70544e+08,131.83,0.693043,274,2026-09-21
COR,Y,3.8595e+08,308.78,-1.12784,555,2026-09-21
CORT,Y,9.89392e+07,110.29,0.797819,251,2026-09-21
COST,Y,1.92266e+09,895.31,-1.21592,563,2026-09-21
CP,Y,1.98839e+08,87.48,0.64679,290,2026-09-21
CPB,Y,1.32814e+08,20.69,-2.54018,710,2026-09-21
CPRT,Y,2.99297e+08,29.28,-2.28716,694,2026-09-21
CRH,Y,4.14975e+08,86.15,-1.61282,618,2026-09-21
CRI,Y,3.77864e+07,29.64,0.189603,376,2026-09-21
CRK,Y,3.18825e+07,12.84,-2.55558,712,2026-09-21
CRM,Y,2.34198e+09,237.92,-1.41991,593,2026-09-21
CROX,Y,1.22218e+08,122.24,1.74654,77,2026-09-21
CSCO,Y,2.06833e+09,109.51,2.12524,41,2026-09-21
CSGP,Y,1.8516e+08,29.09,-2.67825,719,2026-09-21
CSIQ,Y,2.89052e+07,11.4,-0.195914,435,2026-09-21
CSX,Y,5.20871e+08,47.1,1.27313,156,2026-09-21
CTAS,Y,3.79606e+08,197.64,-0.894727,524,2026-09-21
CTSH,Y,3.94482e+08,59.87,-2.35636,703,2026-09-21
CUBE,Y,8.2415e+07,39.55,0.20472,373,2026-09-21
CUZ,Y,4.14444e+07,28.29,0.0448204,404,2026-09-21
CVBF,Y,3.00884e+07,22.7,0.713276,270,2026-09-21
CVI,Y,3.43152e+07,53.69,0.0732521,396,2026-09-21
CVS,Y,6.79131e+08,88.84,0.891557,229,2026-09-21
CVX,Y,1.53369e+09,209.51,0.674087,279,2026-09-21
CX,Y,6.75018e+07,10.06,0.0853903,393,2026-09-21
CXW,Y,4.74322e+07,35.23,1.39015,136,2026-09-21
CYTK,Y,1.32078e+08,68.78,1.82996,70,2026-09-21
D,Y,2.67887e+08,63.58,0.513094,315,2026-09-21
DAL,Y,4.79004e+08,79.62,1.46159,124,2026-09-21
DAN,Y,3.92271e+07,29.81,0.834179,241,2026-09-21
DAR,Y,1.34533e+08,65.36,1.49923,111,2026-09-21
DB,Y,6.70942e+07,37.98,-0.0192008,414,2026-09-21
DD,Y,1.77633e+08,129.01,1.74442,78,2026-09-21
DE,Y,6.94297e+08,683.99,0.819469,246,2026-09-21
DECK,Y,2.27357e+08,78.43,-1.56238,613,2026-09-21
DEI,Y,2.01095e+07,10.25,-1.35583,583,2026-09-21
DEO,Y,8.32622e+07,85.59,-1.28203,572,2026-09-21
DHI,Y,3.23178e+08,138.02,-1.30903,576,2026-09-21
DHR,Y,7.38493e+08,211.81,-0.825468,515,2026-09-21
DHT,Y,5.65995e+07,23.27,1.47292,120,2026-09-21
DINO,Y,2.35868e+08,115.9,1.37815,139,2026-09-21
DIS,Y,9.37847e+08,102.67,-0.920546,528,2026-09-21
DK,Y,8.41373e+07,78.12,1.31246,151,2026-09-21
DKS,Y,2.95127e+08,121.15,-1.36629,585,2026-09-21
DLTR,Y,3.30752e+08,111.96,0.334884,351,2026-09-21
DOC,Y,1.15518e+08,20.33,0.357302,345,2026-09-21
DOV,Y,2.27226e+08,187.42,0.529378,311,2026-09-21
DOX,Y,6.43471e+07,59.3,-2.75874,721,2026-09-21
DRH,Y,2.9443e+07,12.24,1.95028,55,2026-09-21
DRI,Y,2.50652e+08,209.28,0.478661,326,2026-09-21
DTE,Y,1.79906e+08,128.52,-1.03464,544,2026-09-21
DUK,Y,4.53689e+08,117.53,-0.738884,498,2026-09-21
DVN,Y,4.80135e+08,48.61,0.882155,231,2026-09-21
DX,Y,6.49114e+07,12.18,0.660473,284,2026-09-21
DXC,Y,2.81561e+07,10.78,-2.75553,720,2026-09-21
DXCM,Y,3.25775e+08,89.35,0.280559,361,2026-09-21
EAT,Y,2.10365e+08,196.71,0.321085,355,2026-09-21
EBAY,Y,4.15306e+08,111.84,0.764424,259,2026-09-21
EC,Y,3.26663e+07,17.58,2.14033,38,2026-09-21
ECHO,Y,3.66715e+08,93.46,0.500597,318,2026-09-21
ECL,Y,3.43801e+08,269.46,-0.673193,492,2026-09-21
ED,Y,2.27015e+08,105.43,0.253729,365,2026-09-21
EFX,Y,2.26109e+08,158.87,-2.90652,728,2026-09-21
EGO,Y,8.22518e+07,43.22,0.442258,331,2026-09-21
EIX,Y,2.28691e+08,55.31,0.502205,317,2026-09-21
EL,Y,2.17289e+08,93.43,-0.83095,516,2026-09-21
ELS,Y,9.19017e+07,60.4,-0.87008,520,2026-09-21
ELV,Y,4.56796e+08,410.95,1.25278,157,2026-09-21
EMBJ,Y,8.0072e+07,75.07,0.480639,325,2026-09-21
EMN,Y,7.13043e+07,65.69,0.493301,320,2026-09-21
EMR,Y,3.47407e+08,149.92,0.650224,289,2026-09-21
ENB,Y,2.25707e+08,48.73,-0.143267,429,2026-09-21
ENOV,Y,2.84551e+07,18.04,-1.74563,642,2026-09-21
ENTG,Y,3.40572e+08,142.25,2.34525,22,2026-09-21
EOG,Y,4.17213e+08,144.23,0.672915,280,2026-09-21
EPD,Y,9.62195e+07,38.89,1.22799,161,2026-09-21
EQNR,Y,1.19743e+08,44.09,1.23177,160,2026-09-21
EQT,Y,3.45316e+08,50,-1.70052,634,2026-09-21
ERIC,Y,1.00854e+08,10.17,0.695326,273,2026-09-21
ES,Y,1.42018e+08,67.72,0.0719684,397,2026-09-21
ET,Y,1.71233e+08,21.14,0.8719,235,2026-09-21
ETN,Y,7.74438e+08,424.77,0.784402,254,2026-09-21
ETR,Y,2.72299e+08,102.01,0.828526,242,2026-09-21
EVRG,Y,1.69112e+08,79.78,0.530748,310,2026-09-21
EW,Y,3.2501e+08,88.26,0.680879,276,2026-09-21
EXC,Y,3.19792e+08,42.07,-1.31805,578,2026-09-21
EXEL,Y,1.25378e+08,58.36,1.28807,154,2026-09-21
EXK,Y,6.84078e+07,10.21,0.0235777,409,2026-09-21
EXLS,Y,6.85947e+07,35.15,-2.1369,677,2026-09-21
EXPD,Y,1.63046e+08,190.94,1.36107,144,2026-09-21
EXPE,Y,4.3293e+08,279.35,0.171039,379,2026-09-21
EXR,Y,1.42261e+08,136.71,0.0501572,402,2026-09-21
EXTR,Y,3.95716e+07,22.31,0.414949,334,2026-09-21
EZPW,Y,2.73249e+07,30.65,1.98014,54,2026-09-21
F,Y,6.45029e+08,13.21,0.199116,374,2026-09-21
FAST,Y,3.47468e+08,49.01,0.115737,388,2026-09-21
FBP,Y,3.42128e+07,27.58,0.824971,243,2026-09-21
FCEL,Y,1.81589e+08,18.11,2.02879,51,2026-09-21
FCX,Y,8.79134e+08,71.54,1.53779,101,2026-09-21
FDX,Y,4.74249e+08,303.65,2.45919,16,2026-09-21
FE,Y,1.82752e+08,45.26,-0.428965,465,2026-09-21
FHN,Y,1.14011e+08,23.94,0.625684,296,2026-09-21
FIS,Y,2.16835e+08,35.62,-2.54537,711,2026-09-21
FISV,Y,3.30367e+08,47.19,,,2026-09-21
FITB,Y,3.03079e+08,52.91,0.669269,281,2026-09-21
FLEX,Y,4.06537e+08,108.51,2.28801,27,2026-09-21
FLG,Y,5.44361e+07,12.55,0.364597,342,2026-09-21
FLR,Y,1.10565e+08,54.9,1.4366,127,2026-09-21
FLS,Y,1.27343e+08,73.88,1.48564,113,2026-09-21
FLUT,Y,2.4624e+08,89.56,-2.28097,692,2026-09-21
FMC,Y,3.53559e+07,10.09,-2.28122,693,2026-09-21
FNB,Y,7.72275e+07,17.93,0.734696,266,2026-09-21
FNF,Y,7.71106e+07,42.5,-2.03709,670,2026-09-21
FORM,Y,1.33557e+08,118.38,2.8899,5,2026-09-21
FR,Y,6.50849e+07,61.8,0.621015,298,2026-09-21
FRO,Y,8.37958e+07,51.42,1.57297,97,2026-09-21
FSLR,Y,4.08379e+08,195.96,-0.74435,500,2026-09-21
FSM,Y,4.92154e+07,11.95,0.211605,371,2026-09-21
FTI,Y,2.33635e+08,72.02,1.4818,118,2026-09-21
FULT,Y,3.77325e+07,23.4,1.05079,205,2026-09-21
FUN,Y,3.40857e+07,12.22,-1.58424,616,2026-09-21
G,Y,6.88495e+07,34.14,-2.57963,713,2026-09-21
GAP,Y,1.33362e+08,20.54,-1.73521,639,2026-09-21
GBCI,Y,4.77254e+07,44.67,-0.574147,477,2026-09-21
GD,Y,3.79792e+08,353.05,-0.0226778,415,2026-09-21
GE,Y,1.3287e+09,314.27,0.497503,319,2026-09-21
GEN,Y,1.36115e+08,29.01,-0.622409,486,2026-09-21
GEO,Y,5.70294e+07,31.76,1.52952,105,2026-09-21
GFI,Y,1.324e+08,42.51,-1.00516,541,2026-09-21
GGG,Y,1.10769e+08,76.26,-1.87616,661,2026-09-21
GIL,Y,5.52072e+07,46.87,-1.355,582,2026-09-21
GILD,Y,8.3967e+08,150.11,0.823489,244,2026-09-21
GIS,Y,3.278e+08,36.32,-2.41512,706,2026-09-21
GLNG,Y,5.64805e+07,51.79,0.94717,220,2026-09-21
GLW,Y,1.57751e+09,150.13,1.89848,64,2026-09-21
GME,Y,9.59749e+07,22.64,-1.64398,623,2026-09-21
GNTX,Y,5.30854e+07,22.24,-1.16256,559,2026-09-21
GNW,Y,2.78735e+07,10.05,0.16038,382,2026-09-21
GOOG,Y,5.82864e+09,344.41,1.49092,112,2026-09-21
GOOGL,Y,8.79962e+09,349.54,1.48542,114,2026-09-21
GPC,Y,1.62446e+08,128.08,-0.986878,537,2026-09-21
GPN,Y,2.43824e+08,85.06,-0.769461,508,2026-09-21
GPRE,Y,2.03575e+07,15.15,1.13663,186,2026-09-21
GS,Y,1.85344e+09,942,1.18537,170,2026-09-21
GSK,Y,1.6247e+08,50.22,0.652177,288,2026-09-21
HAL,Y,3.47206e+08,33.64,1.38677,138,2026-09-21
HALO,Y,1.54443e+08,112.45,0.961988,216,2026-09-21
HAS,Y,1.36187e+08,87.57,0.139018,386,2026-09-21
HBAN,Y,3.8333e+08,15.88,-0.911654,527,2026-09-21
HBM,Y,1.04534e+08,26.9,2.10574,43,2026-09-21
HD,Y,1.26085e+09,299.98,-1.86078,658,2026-09-21
HDB,Y,1.9544e+08,23.16,-2.13549,676,2026-09-21
HE,Y,2.21609e+07,9.8,-1.27339,571,2026-09-21
HIG,Y,1.95424e+08,131.89,-0.724107,496,2026-09-21
HIMX,Y,1.76225e+07,14.02,1.76244,75,2026-09-21
HIW,Y,3.87982e+07,30.42,0.0259756,407,2026-09-21
HL,Y,5.87774e+08,18.92,-0.278439,443,2026-09-21
HLF,Y,1.68238e+07,11.89,-0.140794,428,2026-09-21
HLIT,Y,1.62869e+07,11.1,0.590554,303,2026-09-21
HMC,Y,2.84359e+07,32.2,-0.75858,504,2026-09-21
HMY,Y,5.4066e+07,19.92,-0.100221,423,2026-09-21
HOG,Y,5.34044e+07,25.93,-0.0268533,416,2026-09-21
HOMB,Y,4.57293e+07,29.79,-0.158167,431,2026-09-21
HON,Y,6.97376e+08,206.46,-0.559517,475,2026-09-21
HOPE,Y,1.26575e+07,13.96,1.13306,187,2026-09-21
HP,Y,4.05312e+07,40.91,1.09818,193,2026-09-21
HPQ,Y,4.00619e+08,34.4,-0.0317168,418,2026-09-21
HR,Y,6.75088e+07,18.26,0.0559855,401,2026-09-21
HRB,Y,8.48935e+07,44.25,-1.18578,562,2026-09-21
HRL,Y,9.30261e+07,20.83,-0.75199,502,2026-09-21
HSBC,Y,1.21279e+08,101.83,1.53207,103,2026-09-21
HSIC,Y,9.98806e+07,84.84,0.907345,227,2026-09-21
HST,Y,2.07914e+08,21.84,1.7918,73,2026-09-21
HSY,Y,2.47787e+08,169.79,-1.68183,630,2026-09-21
HTGC,Y,2.36067e+07,17.33,-0.130647,426,2026-09-21
HUBG,Y,3.7177e+07,32.72,-0.801756,513,2026-09-21
HUM,Y,4.38498e+08,386.22,1.44958,125,2026-09-21
IAG,Y,8.10372e+07,20.35,0.642388,292,2026-09-21
IAU,Y,3.69805e+08,82.23,-0.466897,469,2026-09-21
IBKR,Y,3.95225e+08,90.69,2.0959,46,2026-09-21
IBM,Y,1.62185e+09,229.55,-1.31777,577,2026-09-21
IBN,Y,1.45424e+08,28.15,-1.32035,579,2026-09-21
ICE,Y,5.44346e+08,155.47,-1.24431,567,2026-09-21
IFF,Y,1.32425e+08,82.96,0.998989,215,2026-09-21
ILMN,Y,3.82779e+08,239.62,1.40059,134,2026-09-21
IMAX,Y,4.9434e+07,52.77,1.36238,143,2026-09-21
INCY,Y,1.75236e+08,125.31,0.948086,219,2026-09-21
INFY,Y,1.97061e+08,10.82,-2.97167,734,2026-09-21
ING,Y,6.671e+07,36.4,1.18164,173,2026-09-21
INOD,Y,6.27421e+07,57.14,-0.367544,452,2026-09-21
INSM,Y,2.47641e+08,120,-2.95124,732,2026-09-21
INTC,Y,1.03539e+10,108.6,2.9887,4,2026-09-21
INTU,Y,1.18768e+09,303.19,-3.41289,742,2026-09-21
IONS,Y,1.63411e+08,44.44,-1.07687,550,2026-09-21
IP,Y,1.78051e+08,34.53,-1.13758,558,2026-09-21
IRDM,Y,6.12028e+07,46.77,1.79422,72,2026-09-21
ISRG,Y,9.67784e+08,393.33,-1.52986,606,2026-09-21
IT,Y,1.99147e+08,185.78,-2.67345,718,2026-09-21
ITW,Y,3.12511e+08,269.42,-0.314399,446,2026-09-21
IVZ,Y,1.31141e+08,30.53,1.01745,208,2026-09-21
JBL,Y,3.25349e+08,299.57,1.93886,57,2026-09-21
JCI,Y,4.47219e+08,143.28,1.43075,129,2026-09-21
JEF,Y,9.81923e+07,47.9,-0.386004,456,2026-09-21
JHX,Y,1.70818e+08,25.82,1.01158,211,2026-09-21
JKHY,Y,1.57823e+08,154.85,-1.70831,635,2026-09-21
JNJ,Y,1.77345e+09,269.99,1.29021,153,2026-09-21
JPM,Y,2.38619e+09,349.67,0.443212,330,2026-09-21
KBH,Y,5.4037e+07,47.12,-1.48348,602,2026-09-21
KBR,Y,4.72343e+07,35.54,-2.37199,704,2026-09-21
KDP,Y,3.66912e+08,30.96,0.561833,305,2026-09-21
KEP,Y,1.23055e+07,11.01,-1.85936,657,2026-09-21
KEY,Y,2.30666e+08,20.81,0.945124,221,2026-09-21
KGC,Y,1.95014e+08,28.08,-0.418484,461,2026-09-21
KIM,Y,9.97077e+07,22.53,0.343142,347,2026-09-21
KLAC,Y,2.01248e+09,176.99,1.93359,58,2026-09-21
KLIC,Y,7.75822e+07,83.14,2.34217,23,2026-09-21
KMB,Y,3.80213e+08,97.86,-1.48452,603,2026-09-21
KMPR,Y,2.42084e+07,26.48,-3.05918,735,2026-09-21
KMT,Y,3.82245e+07,29.77,1.47265,121,2026-09-21
KMX,Y,1.20081e+08,57.21,-0.130158,425,2026-09-21
KNX,Y,2.28762e+08,66.68,2.12971,40,2026-09-21
KO,Y,1.29658e+09,88.25,1.07129,199,2026-09-21
KR,Y,3.89308e+08,60,-2.35374,702,2026-09-21
KRC,Y,4.53184e+07,34.23,-0.576868,478,2026-09-21
KRG,Y,5.81595e+07,25.43,0.869977,236,2026-09-21
KSS,Y,6.50315e+07,16.55,-0.298557,444,2026-09-21
KT,Y,2.52945e+07,19.38,-1.9396,665,2026-09-21
KTOS,Y,1.8225e+08,47.46,-1.86597,659,2026-09-21
LAZ,Y,6.40621e+07,35.75,-1.7486,643,2026-09-21
LBTYA,Y,2.14502e+07,9.87,-1.66221,624,2026-09-21
LDOS,Y,1.64933e+08,127.69,-2.82907,724,2026-09-21
LEN,Y,2.04001e+08,76.43,-2.05587,672,2026-09-21
LHX,Y,3.7841e+08,247.29,-1.37003,586,2026-09-21
LIN,Y,9.93741e+08,460.4,-0.0296024,417,2026-09-21
LKQ,Y,7.33685e+07,23.3,-1.78479,649,2026-09-21
LLY,Y,2.93552e+09,1152.93,1.54373,100,2026-09-21
LMT,Y,5.8483e+08,533.38,-0.354857,450,2026-09-21
LNC,Y,7.75248e+07,42.2,-0.309803,445,2026-09-21
LNG,Y,4.6309e+08,268.34,-0.171197,432,2026-09-21
LNT,Y,1.54525e+08,65.61,-0.402583,460,2026-09-21
LOW,Y,6.24852e+08,192.49,-1.92724,663,2026-09-21
LPTH,Y,3.35585e+07,9.9,1.69263,84,2026-09-21
LPX,Y,7.99569e+07,65.32,-1.75725,645,2026-09-21
LRCX,Y,2.89414e+09,288.11,2.46201,15,2026-09-21
LSCC,Y,1.86942e+08,110.96,2.28455,28,2026-09-21
LULU,Y,3.46436e+08,98.06,-2.04703,671,2026-09-21
LUV,Y,2.2974e+08,40.98,1.10173,192,2026-09-21
LVS,Y,2.07658e+08,39.98,-1.66284,625,2026-09-21
LYV,Y,3.08221e+08,167.12,0.420905,333,2026-09-21
M,Y,1.1976e+08,21.94,1.40632,133,2026-09-21
MA,Y,1.64394e+09,565.24,-0.808993,514,2026-09-21
MAA,Y,1.29255e+08,118.93,-1.57261,614,2026-09-21
MAC,Y,6.30235e+07,22.63,1.44489,126,2026-09-21
MAN,Y,5.01183e+07,57.64,0.821034,245,2026-09-21
MAR,Y,5.316e+08,338.92,1.59506,94,2026-09-21
MAS,Y,1.48303e+08,68.06,-0.209087,439,2026-09-21
MAT,Y,5.81753e+07,13.26,-2.25278,688,2026-09-21
MCD,Y,1.17014e+09,248.24,-1.94511,666,2026-09-21
MCHP,Y,7.25459e+08,73.27,1.07677,197,2026-09-21
MCK,Y,7.99409e+08,874.65,-0.370052,453,2026-09-21
MDLZ,Y,4.78616e+08,60.85,0.115067,389,2026-09-21
MDT,Y,6.72012e+08,92.13,-0.996681,539,2026-09-21
MDU,Y,2.8608e+07,18.56,0.883805,230,2026-09-21
MET,Y,2.89244e+08,97.04,0.760866,260,2026-09-21
MFC,Y,7.14252e+07,44.38,1.60327,92,2026-09-21
MFG,Y,3.33309e+07,10.94,1.71461,82,2026-09-21
MGA,Y,7.77023e+07,63.15,1.60736,91,2026-09-21
MGM,Y,9.52446e+07,37.81,0.610111,300,2026-09-21
MKC,Y,1.54334e+08,48.72,-2.59159,715,2026-09-21
MKSI,Y,3.79859e+08,252.08,2.11861,42,2026-09-21
MKTX,Y,1.27337e+08,163.42,-1.63004,620,2026-09-21
MLI,Y,8.96797e+07,60.07,1.21697,162,2026-09-21
MMM,Y,4.84803e+08,165.89,0.0352593,405,2026-09-21
MNRO,Y,1.26458e+07,12.1,-1.54397,609,2026-09-21
MNST,Y,4.64542e+08,44.71,1.48074,119,2026-09-21
MO,Y,5.52527e+08,69.52,0.429418,332,2026-09-21
MOD,Y,2.54855e+08,188.72,1.06409,200,2026-09-21
MOH,Y,1.55902e+08,200.79,0.142179,385,2026-09-21
MOS,Y,1.70273e+08,24.48,-2.38644,705,2026-09-21
MRK,Y,1.19796e+09,146.87,1.20983,164,2026-09-21
MRSH,Y,3.86981e+08,175.01,-1.64257,622,2026-09-21
MRVL,Y,4.91739e+09,244.25,3.02307,3,2026-09-21
MS,Y,9.78634e+08,202.58,1.76994,74,2026-09-21
MSFT,Y,1.15852e+10,493.78,-1.07315,549,2026-09-21
MSTR,Y,1.9585e+09,153.92,-3.42017,743,2026-09-21
MT,Y,9.86344e+07,72.53,1.5776,95,2026-09-21
MTB,Y,2.59525e+08,227.31,0.683041,275,2026-09-21
MTCH,Y,1.21152e+08,43.2,0.0330959,406,2026-09-21
MTG,Y,5.03106e+07,29.69,-0.204768,437,2026-09-21
MTZ,Y,3.78378e+08,214.38,0.471165,327,2026-09-21
MU,Y,3.29649e+10,1015.8,3.05025,2,2026-09-21
MUFG,Y,6.21159e+07,23.13,1.19474,166,2026-09-21
MUR,Y,5.55565e+07,37.39,0.704987,272,2026-09-21
MUX,Y,1.78195e+07,19,0.35271,346,2026-09-21
MWA,Y,2.68272e+07,21.9,-1.36028,584,2026-09-21
NBIX,Y,1.81306e+08,146.23,-0.201482,436,2026-09-21
NDAQ,Y,3.09833e+08,93.54,-0.524341,472,2026-09-21
NEE,Y,9.11502e+08,80.47,0.361815,344,2026-09-21
NEM,Y,7.92093e+08,123.41,0.919619,225,2026-09-21
NEO,Y,2.97318e+07,19.91,1.50151,109,2026-09-21
NEOG,Y,1.8617e+07,13,1.60155,93,2026-09-21
NFLX,Y,2.5287e+09,71.79,-2.19028,682,2026-09-21
NI,Y,2.17172e+08,40.58,-0.68902,493,2026-09-21
NKE,Y,9.38126e+08,35.51,-1.94868,667,2026-09-21
NLY,Y,1.54989e+08,21.05,0.331387,353,2026-09-21
NNN,Y,6.22214e+07,41.55,-0.149865,430,2026-09-21
NOG,Y,5.71204e+07,25.05,-1.10344,551,2026-09-21
NOK,Y,8.69849e+08,10.68,2.18159,36,2026-09-21
NOV,Y,6.23708e+07,20.07,1.49988,110,2026-09-21
NRG,Y,3.20518e+08,103.66,-1.75217,644,2026-09-21
NSC,Y,3.59852e+08,314.16,-0.130861,427,2026-09-21
NTAP,Y,4.22103e+08,197.79,1.18148,174,2026-09-21
NTDOY,Y,2.87577e+07,13.25,-3.16361,740,2026-09-21
NTRS,Y,1.73698e+08,177.89,1.46196,123,2026-09-21
NUE,Y,3.15831e+08,248.38,1.91731,63,2026-09-21
NVDA,Y,2.6353e+10,222.27,0.910451,226,2026-09-21
NVO,Y,4.72026e+08,43.24,-1.71971,637,2026-09-21
NVS,Y,2.59986e+08,140.37,0.732141,267,2026-09-21
NWBI,Y,1.47849e+07,15.46,1.2417,159,2026-09-21
NWG,Y,5.63576e+07,18.67,1.14333,183,2026-09-21
NYT,Y,1.21679e+08,70.21,0.167628,380,2026-09-21
O,Y,3.31985e+08,56.66,-0.788452,510,2026-09-21
OC,Y,1.2655e+08,123.9,-0.401583,459,2026-09-21
OCFC,Y,1.67863e+07,17.87,-0.693374,494,2026-09-21
ODFL,Y,3.18652e+08,173,1.34613,146,2026-09-21
OGE,Y,6.41444e+07,45.51,-0.0973005,422,2026-09-21
OHI,Y,8.81105e+07,46.66,0.186933,377,2026-09-21
OII,Y,4.16945e+07,46.29,0.848648,239,2026-09-21
OKE,Y,3.07981e+08,93.46,1.12935,189,2026-09-21
OLN,Y,5.67611e+07,16.84,-1.74502,641,2026-09-21
OMC,Y,2.08095e+08,76.57,-0.636627,487,2026-09-21
ON,Y,7.94597e+08,69.98,1.32958,147,2026-09-21
ONB,Y,9.98606e+07,25.27,0.734835,265,2026-09-21
OPCH,Y,4.60951e+07,24.3,-2.48134,707,2026-09-21
ORCL,Y,4.43376e+09,147.61,-1.47387,596,2026-09-21
ORI,Y,4.96947e+07,39.95,-0.365995,451,2026-09-21
ORKA,Y,7.37167e+07,94.96,1.14588,182,2026-09-21
ORLY,Y,5.39698e+08,84.71,-2.23462,685,2026-09-21
OTEX,Y,3.14008e+07,22.58,-3.07684,736,2026-09-21
OVV,Y,1.83518e+08,62.37,1.07159,198,2026-09-21
OXY,Y,4.5776e+08,58.84,0.341174,349,2026-09-21
OZK,Y,5.34156e+07,47.88,-0.345706,449,2026-09-21
PAA,Y,5.67108e+07,25.37,1.16388,177,2026-09-21
PAAS,Y,1.86915e+08,49.99,0.390608,340,2026-09-21
PAYX,Y,3.11751e+08,116.14,-0.903939,525,2026-09-21
PB,Y,6.73293e+07,70.02,0.515865,314,2026-09-21
PBI,Y,2.96297e+07,16.85,2.06519,48,2026-09-21
PBR,Y,2.72073e+08,20.8,0.879761,232,2026-09-21
PBR-A,Y,1.08566e+08,18.82,0.808016,249,2026-09-21
PCAR,Y,3.37787e+08,116.06,0.588992,304,2026-09-21
PCG,Y,3.81113e+08,13.2,-0.665566,490,2026-09-21
PEG,Y,2.08447e+08,69.77,-1.695,632,2026-09-21
PEGA,Y,7.25075e+07,35.05,-3.12227,739,2026-09-21
PENN,Y,5.2513e+07,16.45,0.268016,363,2026-09-21
PEP,Y,1.07706e+09,129.75,-1.66284,625,2026-09-21
PFE,Y,9.83189e+08,27.66,0.528287,312,2026-09-21
PFG,Y,1.42771e+08,117.67,1.64204,88,2026-09-21
PG,Y,1.23843e+09,146.39,-1.1117,553,2026-09-21
PGR,Y,5.18666e+08,213.48,-1.03369,543,2026-09-21
PHM,Y,1.78301e+08,117.26,-1.05841,547,2026-09-21
PLAB,Y,2.95243e+07,29.11,0.3337,352,2026-09-21
PLD,Y,4.75806e+08,134.84,1.01245,210,2026-09-21
PM,Y,8.64242e+08,188.62,0.543568,309,2026-09-21
PNC,Y,3.96138e+08,233.17,0.792983,253,2026-09-21
PNFP,Y,1.00205e+08,96.75,-0.233534,440,2026-09-21
PNR,Y,1.7776e+08,55.92,-1.83636,653,2026-09-21
PNW,Y,1.11165e+08,94.21,0.33869,350,2026-09-21
PODD,Y,2.17156e+08,140.6,-2.62659,716,2026-09-21
POR,Y,4.96237e+07,47.24,0.504128,316,2026-09-21
PPC,Y,4.19804e+07,29.85,-2.83881,726,2026-09-21
PPG,Y,1.67921e+08,104.52,-0.175068,433,2026-09-21
PPL,Y,2.48825e+08,33.34,-1.48338,601,2026-09-21
PRGO,Y,3.02514e+07,13.56,-2.83422,725,2026-09-21
PRIM,Y,1.00978e+08,77.13,-1.69325,631,2026-09-21
PRMB,Y,8.34489e+07,20.52,0.748685,263,2026-09-21
PRU,Y,1.85112e+08,118.4,0.557546,307,2026-09-21
PSKY,Y,1.0253e+08,10.21,-2.50794,709,2026-09-21
PTC,Y,1.8544e+08,135.89,-2.96209,733,2026-09-21
PTEN,Y,9.18318e+07,11.78,1.36598,141,2026-09-21
PTY,Y,1.26452e+07,11.26,-2.09054,675,2026-09-21
PUK,Y,2.34503e+07,26.09,-1.62018,619,2026-09-21
PWR,Y,6.20935e+08,636.71,2.10493,44,2026-09-21
PZZA,Y,2.89952e+07,19.78,-1.72001,638,2026-09-21
QCOM,Y,2.04651e+09,177.72,0.207591,372,2026-09-21
QDEL,Y,1.96598e+07,10.62,-1.84272,654,2026-09-21
QGEN,Y,9.66576e+07,43.33,-1.67596,628,2026-09-21
QMCO,Y,1.67765e+07,25.09,1.4285,130,2026-09-21
RAMP,Y,3.64825e+07,37.66,2.18281,35,2026-09-21
RBA,Y,1.35765e+08,83.2,-1.51329,604,2026-09-21
RCI,Y,4.07021e+07,35.08,-0.23587,441,2026-09-21
RCL,Y,5.57464e+08,245.81,-1.3047,575,2026-09-21
RDN,Y,3.55951e+07,35.01,-0.572608,476,2026-09-21
RDY,Y,3.12068e+07,12.19,-1.48133,600,2026-09-21
REG,Y,9.97282e+07,72.95,0.0712871,398,2026-09-21
RELX,Y,7.88125e+07,33.41,-2.28094,691,2026-09-21
RF,Y,2.42606e+08,28.5,0.32088,356,2026-09-21
RGEN,Y,1.53327e+08,176.89,0.952479,217,2026-09-21
RHHBY,Y,8.07112e+07,54.15,1.01423,209,2026-09-21
RHI,Y,7.91666e+07,37.38,-0.00957152,413,2026-09-21
RIO,Y,2.20904e+08,97.37,1.841,69,2026-09-21
RJF,Y,1.9546e+08,164.75,-0.515996,471,2026-09-21
RMBS,Y,2.15821e+08,87.6,-0.983296,535,2026-09-21
RMD,Y,2.80714e+08,224.99,-2.25371,689,2026-09-21
ROL,Y,1.92193e+08,32.43,-1.75931,647,2026-09-21
ROST,Y,5.33732e+08,226.61,1.91928,62,2026-09-21
RPM,Y,1.03365e+08,98.37,-1.24965,568,2026-09-21
RRC,Y,9.95728e+07,38.44,-1.00616,542,2026-09-21
RRX,Y,2.08394e+08,148.05,0.230673,369,2026-09-21
RSG,Y,3.09366e+08,218.07,-0.759148,505,2026-09-21
RTO,Y,2.75133e+07,21.35,-1.28768,573,2026-09-21
RTX,Y,8.1304e+08,194,0.406552,335,2026-09-21
RVTY,Y,1.75429e+08,143.45,0.778782,256,2026-09-21
RY,Y,2.70728e+08,203.3,1.61031,89,2026-09-21
RYAAY,Y,7.85716e+07,53.51,-1.41175,592,2026-09-21
RYCEY,Y,3.89615e+07,19.41,1.08393,194,2026-09-21
RYN,Y,5.64239e+07,20.14,-1.6097,617,2026-09-21
SAN,Y,1.28159e+08,14.31,1.40017,135,2026-09-21
SAP,Y,4.92244e+08,209.45,-2.31578,697,2026-09-21
SBCF,Y,2.93356e+07,33.7,0.0101391,411,2026-09-21
SBH,Y,1.88554e+07,15.79,-0.187888,434,2026-09-21
SBLK,Y,3.91467e+07,32.48,1.36931,140,2026-09-21
SBRA,Y,4.78373e+07,19.74,-0.424101,463,2026-09-21
SBUX,Y,6.56674e+08,95.83,0.951607,218,2026-09-21
SCCO,Y,2.10432e+08,195.7,1.85506,67,2026-09-21
SCHW,Y,7.80463e+08,105.25,-0.0649578,421,2026-09-21
SCI,Y,7.67958e+07,77.76,-0.923247,529,2026-09-21
SF,Y,8.25132e+07,75.79,-0.844277,517,2026-09-21
SFL,Y,1.55449e+07,13.63,1.36338,142,2026-09-21
SFNC,Y,2.59723e+07,22.89,0.860587,237,2026-09-21
SGI,Y,1.84961e+08,63.36,-1.71464,636,2026-09-21
SHEL,Y,5.32552e+08,94.54,0.6032,302,2026-09-21
SHO,Y,2.6464e+07,11.04,1.32486,149,2026-09-21
SHOO,Y,4.26057e+07,42.11,1.43395,128,2026-09-21
SHW,Y,5.85616e+08,320.73,-1.06812,548,2026-09-21
SHY,Y,2.59023e+08,81.24,0.0615322,399,2026-09-21
SIRI,Y,1.06049e+08,27.31,0.796848,252,2026-09-21
SJM,Y,1.57526e+08,122.95,0.3229,354,2026-09-21
SKM,Y,6.77265e+07,35.9,1.42501,131,2026-09-21
SLB,Y,5.75652e+08,51.12,1.00627,214,2026-09-21
SLGN,Y,4.18563e+07,37.19,-1.4087,590,2026-09-21
SLM,Y,5.64468e+07,25.1,-1.16382,560,2026-09-21
SLS,Y,8.31329e+07,11.49,0.751363,262,2026-09-21
SM,Y,1.14956e+08,36.97,0.30348,357,2026-09-21
SMCI,Y,1.27913e+09,39.09,-2.29527,695,2026-09-21
SMFG,Y,3.83703e+07,26.24,1.73583,80,2026-09-21
SMTC,Y,3.53332e+08,185,1.89811,65,2026-09-21
SNEX,Y,7.41005e+07,67,2.16419,37,2026-09-21
SNN,Y,4.62154e+07,27.56,-2.18003,681,2026-09-21
SNPS,Y,6.50545e+08,384.97,-1.24378,566,2026-09-21
SNY,Y,1.15208e+08,42.48,-1.78659,650,2026-09-21
SO,Y,4.63037e+08,85.52,-0.934558,530,2026-09-21
SON,Y,6.2042e+07,48.84,0.451153,329,2026-09-21
SONY,Y,9.67655e+07,23.46,-2.35111,701,2026-09-21
SPG,Y,2.97346e+08,205.32,0.629295,293,2026-09-21
SPGI,Y,7.57745e+08,405.32,-2.20253,683,2026-09-21
SPYM,Y,8.46691e+08,89.64,1.15233,181,2026-09-21
SRE,Y,2.96014e+08,81.31,-1.18459,561,2026-09-21
SRPT,Y,5.39578e+07,20.11,-0.766481,506,2026-09-21
SSL,Y,1.44153e+07,13.72,1.08001,195,2026-09-21
SSRM,Y,8.62671e+07,36.33,1.18176,172,2026-09-21
STLD,Y,2.64851e+08,235.26,2.0074,52,2026-09-21
STM,Y,4.96353e+08,50.18,2.30225,26,2026-09-21
STT,Y,3.13978e+08,182.87,1.60917,90,2026-09-21
STX,Y,4.04841e+09,858.79,3.10488,1,2026-09-21
STZ,Y,2.60052e+08,118.97,-1.33056,580,2026-09-21
SU,Y,2.51567e+08,69.41,1.18442,171,2026-09-21
SUI,Y,1.4212e+08,113.75,-2.14877,679,2026-09-21
SW,Y,2.06331e+08,44.33,0.287201,360,2026-09-21
SWK,Y,1.494e+08,89.58,0.679897,277,2026-09-21
SWKS,Y,3.41164e+08,88.76,-0.388251,457,2026-09-21
SYK,Y,7.61034e+08,275.12,-1.73766,640,2026-09-21
SYY,Y,2.40643e+08,79.05,-0.643197,488,2026-09-21
T,Y,1.09101e+09,25.4,-1.41101,591,2026-09-21
TAC,Y,1.90342e+07,12.22,-1.37542,587,2026-09-21
TAP,Y,1.17861e+08,37.53,-2.23809,686,2026-09-21
TCOM,Y,1.16574e+08,40.68,-2.14268,678,2026-09-21
TD,Y,2.49078e+08,122.33,2.05148,50,2026-09-21
TDC,Y,7.39745e+07,28.89,0.658434,285,2026-09-21
TDS,Y,3.94728e+07,35.9,-1.28951,574,2026-09-21
TECH,Y,2.20304e+08,72.37,1.13263,188,2026-09-21
TECK,Y,1.93085e+08,65.52,1.85025,68,2026-09-21
TEL,Y,4.20283e+08,205.42,-1.34627,581,2026-09-21
TER,Y,1.03417e+09,371.47,2.80985,7,2026-09-21
TEVA,Y,1.68009e+08,38.98,1.67922,86,2026-09-21
TEX,Y,6.75882e+07,59.04,1.01028,213,2026-09-21
TFC,Y,3.29175e+08,48.56,0.227792,370,2026-09-21
TGT,Y,5.8998e+08,158.19,1.24564,158,2026-09-21
THC,Y,2.08617e+08,261.99,0.54622,308,2026-09-21
TJX,Y,9.28502e+08,127.24,-0.773993,509,2026-09-21
TKO,Y,1.94754e+08,189.26,-0.888431,522,2026-09-21
TLT,Y,2.1875e+09,81.25,-1.82627,651,2026-09-21
TMO,Y,1.08699e+09,651.45,0.624152,297,2026-09-21
TMUS,Y,7.89054e+08,168.18,-2.26621,690,2026-09-21
TPR,Y,3.60267e+08,115,0.25137,366,2026-09-21
TREX,Y,7.65033e+07,42.69,-0.20799,438,2026-09-21
TRI,Y,1.52096e+08,94.39,-3.21871,741,2026-09-21
TRMB,Y,1.45403e+08,57.56,-2.9271,729,2026-09-21
TROW,Y,1.8479e+08,104.16,0.10814,390,2026-09-21
TRP,Y,1.56962e+08,61.54,0.921713,222,2026-09-21
TRV,Y,5.71532e+08,374.62,0.490503,321,2026-09-21
TS,Y,5.94475e+07,56.25,1.73673,79,2026-09-21
TSCO,Y,2.9198e+08,32.21,-3.10568,738,2026-09-21
TSEM,Y,3.38823e+08,223.6,2.77186,8,2026-09-21
TSM,Y,4.94394e+09,434.67,2.30353,25,2026-09-21
TSN,Y,1.6646e+08,52.77,-0.961928,534,2026-09-21
TT,Y,4.24698e+08,429.11,0.362597,343,2026-09-21
TTE,Y,1.168e+08,90.82,1.46554,122,2026-09-21
TTEK,Y,7.84025e+07,35.69,-1.47686,597,2026-09-21
TTMI,Y,2.94735e+08,117.97,2.10399,45,2026-09-21
TTWO,Y,5.12101e+08,205.45,-0.904849,526,2026-09-21
TXN,Y,1.80526e+09,266.64,2.19554,32,2026-09-21
TXNM,Y,5.81274e+07,58.44,0.482849,324,2026-09-21
TXT,Y,1.25681e+08,79.69,-1.37676,588,2026-09-21
UAL,Y,4.54149e+08,108.71,0.160934,381,2026-09-21
UBS,Y,8.35859e+07,50.69,1.21149,163,2026-09-21
UCTT,Y,9.59498e+07,70.64,2.18409,34,2026-09-21
UDR,Y,1.14846e+08,33.9,-0.952205,531,2026-09-21
UEC,Y,7.92385e+07,9.81,-1.26669,570,2026-09-21
UGI,Y,5.33783e+07,37.66,0.341285,348,2026-09-21
UL,Y,2.24013e+08,61.82,-1.66703,627,2026-09-21
UMC,Y,2.93253e+08,24.61,2.1302,39,2026-09-21
UNH,Y,1.89197e+09,376.9,0.921184,224,2026-09-21
UNM,Y,1.21854e+08,95.19,1.05484,202,2026-09-21
UNP,Y,7.08236e+08,279.37,0.604519,301,2026-09-21
UPS,Y,4.45425e+08,99.06,0.819196,247,2026-09-21
URBN,Y,7.21374e+07,75.01,0.256319,364,2026-09-21
USB,Y,4.24171e+08,60.06,0.873531,234,2026-09-21
UTI,Y,3.71563e+07,21.47,-1.24244,565,2026-09-21
UUUU,Y,8.67537e+07,11.7,-0.745697,501,2026-09-21
V,Y,2.43664e+09,368.29,-0.0550758,419,2026-09-21
VALE,Y,3.40497e+08,14.21,1.16066,178,2026-09-21
VFC,Y,9.54335e+07,12.79,-1.1318,556,2026-09-21
VIAV,Y,1.7423e+08,35.36,2.53124,14,2026-09-21
VIV,Y,1.4566e+07,11.95,-1.54993,610,2026-09-21
VLO,Y,8.11053e+08,413.28,1.52652,106,2026-09-21
VLY,Y,8.89628e+07,13.59,1.5318,104,2026-09-21
VMC,Y,2.58559e+08,240.83,-1.43417,594,2026-09-21
VMRK,Y,2.65199e+08,61.22,-0.797248,512,2026-09-21
VNO,Y,5.07202e+07,34.9,0.197104,375,2026-09-21
VOD,Y,5.34461e+07,16.95,1.02709,206,2026-09-21
VRTX,Y,5.91024e+08,508.34,0.626671,295,2026-09-21
VSAT,Y,1.32559e+08,76.38,1.15953,180,2026-09-21
VSH,Y,1.63686e+08,32.51,2.09539,47,2026-09-21
VTR,Y,2.80145e+08,86.69,0.394998,337,2026-09-21
VTRS,Y,1.46182e+08,16.95,1.6795,85,2026-09-21
VZ,Y,1.02771e+09,48.09,0.392719,338,2026-09-21
WAL,Y,7.23583e+07,78.54,-0.993567,538,2026-09-21
WBD,Y,5.13146e+08,27.8,1.53463,102,2026-09-21
WCN,Y,1.89338e+08,155.33,-1.69719,633,2026-09-21
WDC,Y,3.30855e+09,441.36,2.63671,11,2026-09-21
WEC,Y,2.20711e+08,103.17,-1.25156,569,2026-09-21
WELL,Y,6.36054e+08,228.87,0.782501,255,2026-09-21
WERN,Y,3.61481e+07,35.67,1.38762,137,2026-09-21
WFC,Y,1.16904e+09,86.12,-0.427481,464,2026-09-21
WHR,Y,8.55776e+07,31.97,-2.06659,673,2026-09-21
WKC,Y,3.47407e+07,35.95,0.644806,291,2026-09-21
WLK,Y,6.40019e+07,69.07,-0.986733,536,2026-09-21
WM,Y,4.62352e+08,211.1,-0.882213,521,2026-09-21
WMB,Y,4.94212e+08,72.05,1.05312,204,2026-09-21
WMT,Y,2.3931e+09,106.73,-0.663223,489,2026-09-21
WNC,Y,1.03899e+07,11.86,0.101242,391,2026-09-21
WPC,Y,9.49058e+07,66.26,-0.440144,467,2026-09-21
WPM,Y,2.28638e+08,151.01,0.483489,323,2026-09-21
WRB,Y,1.26062e+08,69.99,-1.00235,540,2026-09-21
WSBC,Y,3.47802e+07,39.37,0.818799,248,2026-09-21
WSM,Y,2.30048e+08,224.2,0.8051,250,2026-09-21
WT,Y,4.97179e+07,23.07,1.01822,207,2026-09-21
WTRG,Y,8.35309e+07,41.04,0.269643,362,2026-09-21
WY,Y,1.20277e+08,21.22,-1.11011,552,2026-09-21
WYNN,Y,1.41925e+08,81.68,-1.68071,629,2026-09-21
XEL,Y,3.96969e+08,72.3,-0.795112,511,2026-09-21
XOM,Y,2.1507e+09,163.54,1.07696,196,2026-09-21
XPO,Y,1.8634e+08,174.25,1.50571,108,2026-09-21
YPF,Y,5.22667e+07,54.96,1.8805,66,2026-09-21
YUM,Y,3.63666e+08,137.99,-1.44582,595,2026-09-21
ZBH,Y,1.9426e+08,95.36,-0.588897,480,2026-09-21
ZION,Y,9.70111e+07,65.23,0.875412,233,2026-09-21
